First Name,Last Name,Date of Birth,Nationality,Ethnicity,Gender,Underlying Conditions,Blood Group,Contact Number,Email Address,Physical Address,Date of Last Donation,Username,Password
Jacob,Allan,07/09/1997,NZ,NZ European,Male,None,A,|0276973227,jacobstuartallan@gmail.com,90 Banks Road/Mount Wellington/Auckland,Unknown,JacobA,jacob1
Nathalie,Echer,06/06/1998,Brazilian,Brazilian,Female,High Blood Pressure,O,|021569600,nathi.echer@gmail.com,90 Banks Road/Mount Wellington/Auckland,Unknown,Nathi44,echerbot
John,Cena,14/02/1974,American,Caucasian,Male,None,O,|0226969420,johncena@cenamail.com,555 Hollywood Boulevard/Hollywood/California?,12/08/2020,JohnCena,ihatetherock0
Jeff,Fitzgerald,05/10/1987,NZ,NZ European,Male,Asthma,B,|0226375473,fitziejr@gmail.com,130 Woodlands Road/Katikati/Tauranga,Unknown,FitzieJr,yungcoppa
Matt,Jones,23/06/1998,NZ,NZ European,Male,Bad Eyes,A,|0276356432,mattyj@gmail.com,15 Lambton Quay/Te Aro/Wellington,Unknown,MattyJ,djmj
Jim,Smallguy,14/09/1988,Greek,Greek,Male,Diabetes,AB,|088276352,smallguywork@hotmail.com,1125 Great North Road/Manukau/Auckland,20/08/2021,SmallGuy1,jimsalad5
Beatrice,Manix,06/04/2002,NZ,British,Female,Ecsema and Asthma,B,|0213463473,manixB@gmail.com,304 Beach Road/Katikati/Tauranga,Unknown,BManix,ixixix

